K00038	Upratovacie pomôcky
K00042	Papierový program
K00043	Čistiace prostriedky
K00058	Obalový materiál a vrecia
K00059	Pracie prostriedky
K00060	Osobná hygiena a kozmetika
K00062	Ostatné
K00063	Upratovacie pomôcky > Hubky, drôtenky a špongie
K00064	Upratovacie pomôcky > Metly, kefy a lopatky
K00066	Upratovacie pomôcky > Rukavice
K00068	Upratovacie pomôcky > Utierky, handry a mikrovlákno
K00069	Upratovacie pomôcky > Vedrá, žmýkače a vozíky
K00070	Upratovacie pomôcky > Mopy a príslušenstvo
K00071	Upratovacie pomôcky > Metly, kefy a lopatky
K00072	Čistiace prostriedky > WC, kúpeľňa a sanita
K00073	Upratovacie pomôcky > Zásobníky, dávkovače a značenie
K00074	Upratovacie pomôcky > Utierky, handry a mikrovlákno
K00075	Upratovacie pomôcky > Stierky, škrabky a sťahovače
K00078	Papierový program > Papierové utierky a obrúsky
K00079	Papierový program > Toaletný papier
K00080	Papierový program > Papierové utierky a obrúsky
K00081	Papierový program > Papierové utierky a obrúsky
K00088	Čistiace prostriedky > Dezinfekcia a bielidlá
K00093	Čistiace prostriedky > WC, kúpeľňa a sanita
K00095	Čistiace prostriedky > Čističe okien, skiel a nábytku
K00101	Obalový materiál a vrecia > Vrecia a sáčky
K00103	Papierový program > Potravinová fólia a papier na pečenie
K00107	Pracie prostriedky > Pracie prášky a gély
K00110	Pracie prostriedky > Doplnky do prania
K00129	Upratovacie pomôcky > Metly, kefy a lopatky
K00135	Upratovacie pomôcky > Utierky, handry a mikrovlákno
K00137	Čistiace prostriedky > Čističe podláh
K00138	Upratovacie pomôcky > Mopy a príslušenstvo
K00140	Čistiace prostriedky > WC, kúpeľňa a sanita
K00141	Upratovacie pomôcky > Mopy a príslušenstvo
K00143	Upratovacie pomôcky > Metly, kefy a lopatky
K00145	Upratovacie pomôcky > Mopy a príslušenstvo
K00146	Upratovacie pomôcky > Mopy a príslušenstvo
K00147	Upratovacie pomôcky > Mopy a príslušenstvo
K00148	Upratovacie pomôcky > Mopy a príslušenstvo
K00150	Upratovacie pomôcky > Mopy a príslušenstvo
K00151	Upratovacie pomôcky > Mopy a príslušenstvo
K00152	Upratovacie pomôcky > Mopy a príslušenstvo
K00154	Čistiace prostriedky > WC, kúpeľňa a sanita
K00164	Čistiace prostriedky > WC, kúpeľňa a sanita
K00166	Čistiace prostriedky > WC, kúpeľňa a sanita
K00193	Papierový program > Papierové utierky a obrúsky
K00194	Čistiace prostriedky > Kuchynská chémia a odpady
K00201	Čistiace prostriedky > WC, kúpeľňa a sanita
K00203	Čistiace prostriedky > Čističe podláh
K00206	Papierový program > Vlhčené utierky
K00210	Čistiace prostriedky
K00211	Pracie prostriedky > Pracie prášky a gély
K00212	Pracie prostriedky > Pracie prášky a gély
K00216	Pracie prostriedky > Doplnky do prania
K00219	Upratovacie pomôcky
K00220	Čistiace prostriedky
K00221	Čistiace prostriedky > Kuchynská chémia a odpady
K00222	Čistiace prostriedky > WC, kúpeľňa a sanita
K00225	Čistiace prostriedky > Čističe okien, skiel a nábytku
K00226	Čistiace prostriedky > Kuchynská chémia a odpady
K00228	Čistiace prostriedky > Čističe podláh
K00231	Čistiace prostriedky > WC, kúpeľňa a sanita
K00237	Čistiace prostriedky > Kuchynská chémia a odpady
K00239	Čistiace prostriedky > Kuchynská chémia a odpady
K00244	Čistiace prostriedky > Osviežovače vzduchu
K00245	Čistiace prostriedky > Osviežovače vzduchu
K00247	Čistiace prostriedky > Osviežovače vzduchu
K00248	Čistiace prostriedky
K00250	Papierový program > Potravinová fólia a papier na pečenie
K00252	Čistiace prostriedky > Dezinfekcia a bielidlá
K00253	Čistiace prostriedky > Prípravky proti hmyzu a hlodavcom
K00254	Čistiace prostriedky > Prípravky proti hmyzu a hlodavcom
K00257	Osobná hygiena a kozmetika > Starostlivosť o telo
K00258	Osobná hygiena a kozmetika > Starostlivosť o telo
K00260	Osobná hygiena a kozmetika > Starostlivosť o telo
K00262	Osobná hygiena a kozmetika > Starostlivosť o telo
K00263	Osobná hygiena a kozmetika > Starostlivosť o telo
K00265	Osobná hygiena a kozmetika > Mydlá
K00266	Osobná hygiena a kozmetika > Mydlá
K00267	Osobná hygiena a kozmetika > Starostlivosť o telo
K00271	Osobná hygiena a kozmetika > Dámska hygiena
K00274	Osobná hygiena a kozmetika > Dámska hygiena
K00277	Osobná hygiena a kozmetika > Dezodoranty
K00278	Osobná hygiena a kozmetika > Dezodoranty
K00279	Osobná hygiena a kozmetika > Dezodoranty
K00280	Osobná hygiena a kozmetika > Pánska kozmetika a holenie
K00284	Osobná hygiena a kozmetika > Pánska kozmetika a holenie
K00290	Osobná hygiena a kozmetika > Ostatné hygiena a zdravie
K00291	Osobná hygiena a kozmetika > Ostatné hygiena a zdravie
K00292	Osobná hygiena a kozmetika > Tvár a pleť
K00297	Osobná hygiena a kozmetika > Tvár a pleť
K00299	Osobná hygiena a kozmetika > Tvár a pleť
K00304	Osobná hygiena a kozmetika > Tvár a pleť
K00305	Osobná hygiena a kozmetika > Tvár a pleť
K00306	Osobná hygiena a kozmetika > Tvár a pleť
K00309	Osobná hygiena a kozmetika > Starostlivosť o vlasy
K00310	Osobná hygiena a kozmetika > Starostlivosť o vlasy
K00312	Osobná hygiena a kozmetika > Starostlivosť o vlasy
K00313	Osobná hygiena a kozmetika > Starostlivosť o vlasy
K00315	Osobná hygiena a kozmetika > Starostlivosť o vlasy
K00316	Osobná hygiena a kozmetika > Starostlivosť o vlasy
K00317	Osobná hygiena a kozmetika > Starostlivosť o vlasy
K00319	Osobná hygiena a kozmetika > Starostlivosť o vlasy
K00321	Osobná hygiena a kozmetika > Starostlivosť o vlasy
K00331	Osobná hygiena a kozmetika > Ostatné hygiena a zdravie
K00336	Osobná hygiena a kozmetika > Tvár a pleť
K00343	Osobná hygiena a kozmetika > Tvár a pleť
K00368	Osobná hygiena a kozmetika > Pánska kozmetika a holenie
K00375	Osobná hygiena a kozmetika > Pánska kozmetika a holenie
K00376	Osobná hygiena a kozmetika > Dezodoranty
K00377	Osobná hygiena a kozmetika > Pánska kozmetika a holenie
K00378	Osobná hygiena a kozmetika > Pánska kozmetika a holenie
K00384	Osobná hygiena a kozmetika > Ostatné hygiena a zdravie
K00391	Osobná hygiena a kozmetika > Ostatné hygiena a zdravie
K00393	Papierový program > Vlhčené utierky
K00396	Osobná hygiena a kozmetika > Ostatné hygiena a zdravie
K00401	Osobná hygiena a kozmetika > Ústna hygiena
K00407	Osobná hygiena a kozmetika > Ústna hygiena
K00408	Osobná hygiena a kozmetika > Ostatné hygiena a zdravie
K00420	Papierový program > Toaletný papier
K00421	Papierový program > Toaletný papier
K00422	Papierový program > Toaletný papier
K00423	Papierový program > Papierové utierky a obrúsky
K00424	Papierový program > Papierové utierky a obrúsky
K00425	Čistiace prostriedky > Univerzálne čističe
K00426	Čistiace prostriedky > Odmasťovače a odstraňovače vodného kameňa
K00427	Čistiace prostriedky > Odmasťovače a odstraňovače vodného kameňa
K00428	Čistiace prostriedky > Odmasťovače a odstraňovače vodného kameňa
K00429	Čistiace prostriedky > WC, kúpeľňa a sanita
K00430	Čistiace prostriedky > Univerzálne čističe
K00431	Čistiace prostriedky > Čističe podláh
K00432	Čistiace prostriedky > Čističe okien, skiel a nábytku
K00433	Čistiace prostriedky > Univerzálne čističe
K00434	Pracie prostriedky > Doplnky do prania
K00435	Čistiace prostriedky > Osviežovače vzduchu
K00437	Čistiace prostriedky > Kuchynská chémia a odpady
K00438	Upratovacie pomôcky > Rukavice
K00439	Upratovacie pomôcky > Rukavice
K00440	Upratovacie pomôcky > Rukavice
K00441	Upratovacie pomôcky > Rukavice
K00443	Obalový materiál a vrecia > Vrecia a sáčky
K00444	Obalový materiál a vrecia > Menu boxy a jednorazové obaly
N00001	Upratovacie pomôcky > Utierky, handry a mikrovlákno
N00002	Upratovacie pomôcky > Zásobníky, dávkovače a značenie
N00003	Čistiace prostriedky > Kuchynská chémia a odpady
N00004	Čistiace prostriedky > Abrazívne čističe a pasty
N00005	Čistiace prostriedky > Technická chémia
N00006	Čistiace prostriedky > Prípravky proti hmyzu a hlodavcom
N00007	Čistiace prostriedky > Technická chémia
N00008	Osobná hygiena a kozmetika > Starostlivosť o telo
N00010	Obalový materiál a vrecia > Menu boxy a jednorazové obaly
N00011	Upratovacie pomôcky > Hubky, drôtenky a špongie
N00012	Upratovacie pomôcky > Hubky, drôtenky a špongie
N00013	Upratovacie pomôcky > Hubky, drôtenky a špongie
N00014	Čistiace prostriedky > Dezinfekcia a bielidlá
N00015	Čistiace prostriedky > Dezinfekcia a bielidlá
N00016	Papierový program > Vlhčené utierky
N00017	Papierový program > Vlhčené utierky
N00018	Papierový program > Vlhčené utierky
N00019	Upratovacie pomôcky > Metly, kefy a lopatky
N00020	Upratovacie pomôcky > Metly, kefy a lopatky
N00021	Upratovacie pomôcky > Stierky, škrabky a sťahovače
N00022	Upratovacie pomôcky > Stierky, škrabky a sťahovače
N00023	Upratovacie pomôcky > Vedrá, žmýkače a vozíky
N00024	Upratovacie pomôcky > Vedrá, žmýkače a vozíky
N00025	Čistiace prostriedky > Abrazívne čističe a pasty
N00026	Čistiace prostriedky > Abrazívne čističe a pasty
N00027	Papierový program > Papierové utierky a obrúsky
N00029	Papierový program > Papierové utierky a obrúsky
N00030	Čistiace prostriedky > Univerzálne čističe
N00031	Pracie prostriedky > Doplnky do prania
N00032	Pracie prostriedky > Pracie prášky a gély
N00033	Pracie prostriedky > Pracie prášky a gély
N00034	Čistiace prostriedky > Čističe okien, skiel a nábytku
N00035	Čistiace prostriedky > Prípravky proti hmyzu a hlodavcom
N00036	Čistiace prostriedky > Prípravky proti hmyzu a hlodavcom
N00037	Obalový materiál a vrecia > Menu boxy a jednorazové obaly
N00038	Obalový materiál a vrecia > Príslušenstvo (viečka a doplnky)
N00039	Papierový program > Potravinová fólia a papier na pečenie
N00040	Papierový program > Potravinová fólia a papier na pečenie
